{
  "Passangers Details 2" : {
    "transaction" : "Passangers Details 2",
    "sampleCount" : 1,
    "errorCount" : 0,
    "errorPct" : 0.0,
    "meanResTime" : 2164.0,
    "medianResTime" : 2164.0,
    "minResTime" : 2164.0,
    "maxResTime" : 2164.0,
    "pct1ResTime" : 2164.0,
    "pct2ResTime" : 2164.0,
    "pct3ResTime" : 2164.0,
    "throughput" : 0.46210720887245843,
    "receivedKBytesPerSec" : 1.025300369685767,
    "sentKBytesPerSec" : 0.4625584854436229
  },
  "Passangers Details 1" : {
    "transaction" : "Passangers Details 1",
    "sampleCount" : 1,
    "errorCount" : 0,
    "errorPct" : 0.0,
    "meanResTime" : 2174.0,
    "medianResTime" : 2174.0,
    "minResTime" : 2174.0,
    "maxResTime" : 2174.0,
    "pct1ResTime" : 2174.0,
    "pct2ResTime" : 2174.0,
    "pct3ResTime" : 2174.0,
    "throughput" : 0.45998160073597055,
    "receivedKBytesPerSec" : 1.0825738845446182,
    "sentKBytesPerSec" : 0.46357520699172033
  },
  "Passangers Details 4" : {
    "transaction" : "Passangers Details 4",
    "sampleCount" : 1,
    "errorCount" : 0,
    "errorPct" : 0.0,
    "meanResTime" : 2016.0,
    "medianResTime" : 2016.0,
    "minResTime" : 2016.0,
    "maxResTime" : 2016.0,
    "pct1ResTime" : 2016.0,
    "pct2ResTime" : 2016.0,
    "pct3ResTime" : 2016.0,
    "throughput" : 0.496031746031746,
    "receivedKBytesPerSec" : 1.1955140128968254,
    "sentKBytesPerSec" : 0.49942258804563494
  },
  "Passangers Details 3" : {
    "transaction" : "Passangers Details 3",
    "sampleCount" : 1,
    "errorCount" : 0,
    "errorPct" : 0.0,
    "meanResTime" : 2046.0,
    "medianResTime" : 2046.0,
    "minResTime" : 2046.0,
    "maxResTime" : 2046.0,
    "pct1ResTime" : 2046.0,
    "pct2ResTime" : 2046.0,
    "pct3ResTime" : 2046.0,
    "throughput" : 0.4887585532746823,
    "receivedKBytesPerSec" : 1.1884851539589445,
    "sentKBytesPerSec" : 0.4920996761974585
  },
  "Passangers Details 6" : {
    "transaction" : "Passangers Details 6",
    "sampleCount" : 1,
    "errorCount" : 0,
    "errorPct" : 0.0,
    "meanResTime" : 1761.0,
    "medianResTime" : 1761.0,
    "minResTime" : 1761.0,
    "maxResTime" : 1761.0,
    "pct1ResTime" : 1761.0,
    "pct2ResTime" : 1761.0,
    "pct3ResTime" : 1761.0,
    "throughput" : 0.5678591709256104,
    "receivedKBytesPerSec" : 1.350883730834753,
    "sentKBytesPerSec" : 0.5722955706984668
  },
  "Passangers Details 5" : {
    "transaction" : "Passangers Details 5",
    "sampleCount" : 1,
    "errorCount" : 0,
    "errorPct" : 0.0,
    "meanResTime" : 2107.0,
    "medianResTime" : 2107.0,
    "minResTime" : 2107.0,
    "maxResTime" : 2107.0,
    "pct1ResTime" : 2107.0,
    "pct2ResTime" : 2107.0,
    "pct3ResTime" : 2107.0,
    "throughput" : 0.47460844803037494,
    "receivedKBytesPerSec" : 1.1350743058851447,
    "sentKBytesPerSec" : 0.4806337505932605
  },
  "Passangers Details 8" : {
    "transaction" : "Passangers Details 8",
    "sampleCount" : 1,
    "errorCount" : 0,
    "errorPct" : 0.0,
    "meanResTime" : 1613.0,
    "medianResTime" : 1613.0,
    "minResTime" : 1613.0,
    "maxResTime" : 1613.0,
    "pct1ResTime" : 1613.0,
    "pct2ResTime" : 1613.0,
    "pct3ResTime" : 1613.0,
    "throughput" : 0.6199628022318661,
    "receivedKBytesPerSec" : 1.4391128719776813,
    "sentKBytesPerSec" : 0.6278334237445753
  },
  "Open Url 10" : {
    "transaction" : "Open Url 10",
    "sampleCount" : 1,
    "errorCount" : 0,
    "errorPct" : 0.0,
    "meanResTime" : 1509.0,
    "medianResTime" : 1509.0,
    "minResTime" : 1509.0,
    "maxResTime" : 1509.0,
    "pct1ResTime" : 1509.0,
    "pct2ResTime" : 1509.0,
    "pct3ResTime" : 1509.0,
    "throughput" : 0.6626905235255136,
    "receivedKBytesPerSec" : 1.4302207587806495,
    "sentKBytesPerSec" : 0.4245361166335322
  },
  "Passangers Details 7" : {
    "transaction" : "Passangers Details 7",
    "sampleCount" : 1,
    "errorCount" : 0,
    "errorPct" : 0.0,
    "meanResTime" : 1868.0,
    "medianResTime" : 1868.0,
    "minResTime" : 1868.0,
    "maxResTime" : 1868.0,
    "pct1ResTime" : 1868.0,
    "pct2ResTime" : 1868.0,
    "pct3ResTime" : 1868.0,
    "throughput" : 0.5353319057815846,
    "receivedKBytesPerSec" : 1.1825398153104925,
    "sentKBytesPerSec" : 0.540036971359743
  },
  "Passangers Details 9" : {
    "transaction" : "Passangers Details 9",
    "sampleCount" : 1,
    "errorCount" : 0,
    "errorPct" : 0.0,
    "meanResTime" : 1464.0,
    "medianResTime" : 1464.0,
    "minResTime" : 1464.0,
    "maxResTime" : 1464.0,
    "pct1ResTime" : 1464.0,
    "pct2ResTime" : 1464.0,
    "pct3ResTime" : 1464.0,
    "throughput" : 0.6830601092896175,
    "receivedKBytesPerSec" : 1.666293118169399,
    "sentKBytesPerSec" : 0.6877294655054645
  },
  "Choose Flight 10" : {
    "transaction" : "Choose Flight 10",
    "sampleCount" : 1,
    "errorCount" : 0,
    "errorPct" : 0.0,
    "meanResTime" : 1421.0,
    "medianResTime" : 1421.0,
    "minResTime" : 1421.0,
    "maxResTime" : 1421.0,
    "pct1ResTime" : 1421.0,
    "pct2ResTime" : 1421.0,
    "pct3ResTime" : 1421.0,
    "throughput" : 0.7037297677691766,
    "receivedKBytesPerSec" : 1.7283987948627726,
    "sentKBytesPerSec" : 0.635006157635468
  },
  "Find Flight 9" : {
    "transaction" : "Find Flight 9",
    "sampleCount" : 1,
    "errorCount" : 0,
    "errorPct" : 0.0,
    "meanResTime" : 1541.0,
    "medianResTime" : 1541.0,
    "minResTime" : 1541.0,
    "maxResTime" : 1541.0,
    "pct1ResTime" : 1541.0,
    "pct2ResTime" : 1541.0,
    "pct3ResTime" : 1541.0,
    "throughput" : 0.6489292667099286,
    "receivedKBytesPerSec" : 1.5741604477611941,
    "sentKBytesPerSec" : 0.550068948734588
  },
  "Choose Flight 8" : {
    "transaction" : "Choose Flight 8",
    "sampleCount" : 1,
    "errorCount" : 0,
    "errorPct" : 0.0,
    "meanResTime" : 1625.0,
    "medianResTime" : 1625.0,
    "minResTime" : 1625.0,
    "maxResTime" : 1625.0,
    "pct1ResTime" : 1625.0,
    "pct2ResTime" : 1625.0,
    "pct3ResTime" : 1625.0,
    "throughput" : 0.6153846153846154,
    "receivedKBytesPerSec" : 1.4789663461538463,
    "sentKBytesPerSec" : 0.5552884615384616
  },
  "Open Url 7" : {
    "transaction" : "Open Url 7",
    "sampleCount" : 1,
    "errorCount" : 0,
    "errorPct" : 0.0,
    "meanResTime" : 1786.0,
    "medianResTime" : 1786.0,
    "minResTime" : 1786.0,
    "maxResTime" : 1786.0,
    "pct1ResTime" : 1786.0,
    "pct2ResTime" : 1786.0,
    "pct3ResTime" : 1786.0,
    "throughput" : 0.5599104143337066,
    "receivedKBytesPerSec" : 1.1991050181970884,
    "sentKBytesPerSec" : 0.35869260918253076
  },
  "Choose Flight 7" : {
    "transaction" : "Choose Flight 7",
    "sampleCount" : 1,
    "errorCount" : 0,
    "errorPct" : 0.0,
    "meanResTime" : 1689.0,
    "medianResTime" : 1689.0,
    "minResTime" : 1689.0,
    "maxResTime" : 1689.0,
    "pct1ResTime" : 1689.0,
    "pct2ResTime" : 1689.0,
    "pct3ResTime" : 1689.0,
    "throughput" : 0.5920663114268797,
    "receivedKBytesPerSec" : 1.4917295737122558,
    "sentKBytesPerSec" : 0.5342473357015985
  },
  "Open Url 8" : {
    "transaction" : "Open Url 8",
    "sampleCount" : 1,
    "errorCount" : 0,
    "errorPct" : 0.0,
    "meanResTime" : 1822.0,
    "medianResTime" : 1822.0,
    "minResTime" : 1822.0,
    "maxResTime" : 1822.0,
    "pct1ResTime" : 1822.0,
    "pct2ResTime" : 1822.0,
    "pct3ResTime" : 1822.0,
    "throughput" : 0.5488474204171241,
    "receivedKBytesPerSec" : 1.1898840559824369,
    "sentKBytesPerSec" : 0.3516053787047201
  },
  "Open Url 9" : {
    "transaction" : "Open Url 9",
    "sampleCount" : 1,
    "errorCount" : 0,
    "errorPct" : 0.0,
    "meanResTime" : 1671.0,
    "medianResTime" : 1671.0,
    "minResTime" : 1671.0,
    "maxResTime" : 1671.0,
    "pct1ResTime" : 1671.0,
    "pct2ResTime" : 1671.0,
    "pct3ResTime" : 1671.0,
    "throughput" : 0.5984440454817475,
    "receivedKBytesPerSec" : 1.3833174371633752,
    "sentKBytesPerSec" : 0.38337821663674443
  },
  "Choose Flight 9" : {
    "transaction" : "Choose Flight 9",